OBJECTID,ID,NAME,ADDRESS,CITY,STATE,ZIP,TYPE,COUNTRY,SOURCE,SOURCEDATE,VAL_DATE,WEBSITE,REGULATED,CNTRL_AREA,PLAN_AREA,HOLDING_CO,SUMMR_PEAK,WINTR_PEAK,SUMMER_CAP,WINTER_CAP,NET_GEN,PURCHASED,NET_EX,RETAIL_MWH,WSALE_MWH,TOTAL_MWH,TRANS_MWH,CUSTOMERS,YEAR,Shape__Are,Shape__Len,NameProp,TypeProp,CityProp,CntrlProp,SimpleType,HoldCoProp,NameFinal,TypeAdj,index_right
44,10331,KINGSPORT POWER CO,NOT AVAILABLE,NOT AVAILABLE,OH,NOT AVAILABLE,INVESTOR OWNED,USA,"EIA 861, TIGER/Line Shapefiles - U.S. Census",2021-10-06,2018-10-12,NOT AVAILABLE,NOT AVAILABLE,"PJM INTERCONNECTION, LLC",NOT AVAILABLE,KINGSPORT POWER CO,284.0,386.0,-999999.0,-999999.0,-999999,1700362,0,1661014,-999999,1700362,0,48444,2020,0.327725847040711,4.21678273384649,Kingsport Power Co,Investor owned,Not available,PJM Interconnection,IOU,Kingsport Power Co,Kingsport Power Co,Investor owned,20
94,1062,BARC ELECTRIC COOP INC,NOT AVAILABLE,NOT AVAILABLE,VA,NOT AVAILABLE,COOPERATIVE,USA,"EIA 861, TIGER/Line Shapefiles - U.S. Census, https://www.electric.coop/information-hub-electric-co-ops-hurricane-michael/",2021-10-06,2019-05-01,NOT AVAILABLE,NOT AVAILABLE,"PJM INTERCONNECTION, LLC",NOT AVAILABLE,BARC ELECTRIC COOP INC,-999999.0,-999999.0,-999999.0,-999999.0,169744,-999999,-999999,-999999,-999999,-999999,-999999,-999999,2020,0.459081924253724,4.6571106462815,BARC Electric Coop Inc,Cooperative,Not available,PJM Interconnection,Coop,BARC Electric Coop Inc,BARC Electric Coop,Cooperative,20
253,11560,CITY OF MANASSAS - (VA),8500 PUBLIC WORKS D,MANASSAS,VA,20110,MUNICIPAL,USA,"EIA 860, EIA 861, TIGER/Line Shapefiles - U.S. Census",2021-10-06,2018-10-12,NOT AVAILABLE,REGULATED,"PJM INTERCONNECTION, LLC",NOT AVAILABLE,CITY OF MANASSAS - (VA),85.0,68.0,49.2,49.2,1525,402819,0,389473,-999999,404344,0,16351,2020,0.002671912851156,0.313539167988661,City of Manassas - (VA),Municipal,Manassas,PJM Interconnection,MuniAndPublic,City of Manassas - (VA),City of Manassas (VA),Municipal utility,20
288,11770,CITY OF MARTINSVILLE - (VA),P.O. BOX 1112,MARTINSVILLE,VA,24114,MUNICIPAL,USA,"EIA 860, EIA 861, Urban Areas - Cartographic Boundary Shapefiles - U.S. Census",2021-10-06,2018-10-12,NOT AVAILABLE,NOT AVAILABLE,"PJM INTERCONNECTION, LLC",NOT AVAILABLE,CITY OF MARTINSVILLE - (VA),-999999.0,-999999.0,-999999.0,-999999.0,153545,-999999,-999999,-999999,-999999,-999999,-999999,-999999,2020,0.011159396715129,2.11887550980493,City of Martinsville - (VA),Municipal,Martinsville,PJM Interconnection,MuniAndPublic,City of Martinsville - (VA),City of Martinsville (VA),Municipal utility,20
328,12260,MECKLENBURG ELECTRIC COOPERATIVE,NOT AVAILABLE,NOT AVAILABLE,VA,NOT AVAILABLE,COOPERATIVE,USA,"EIA 861, TIGER/Line Shapefiles - U.S. Census, https://www.electric.coop/information-hub-electric-co-ops-hurricane-michael/",2021-10-06,2019-05-01,NOT AVAILABLE,NOT AVAILABLE,"PJM INTERCONNECTION, LLC",NOT AVAILABLE,MECKLENBURG ELECTRIC COOPERATIVE,123.0,130.0,-999999.0,-999999.0,-999999,598889,0,567120,-999999,598889,0,31641,2020,1.27901774753832,10.1067075459713,Mecklenburg Electric Cooperative,Cooperative,Not available,PJM Interconnection,Coop,Mecklenburg Electric Cooperative,Mecklenburg Electric Cooperative,Cooperative,20
408,12796,MONONGAHELA POWER CO,800 CABIN HILL DRIVE,GREENSBURG,PA,15601,INVESTOR OWNED,USA,"EIA 860, EIA 861, TIGER/Line Shapefiles - U.S. Census, http://outages.firstenergycorp.com/mdwv.html, https://www.firstenergycorp.com/content/fecorp/economicdevelopment/about/service_territory.html",2021-10-06,2019-05-01,NOT AVAILABLE,NOT AVAILABLE,"PJM INTERCONNECTION, LLC",NOT AVAILABLE,FIRSTENERGY CORP,2114.0,1896.0,3052.0,3082.0,12175520,2880657,0,12091976,2476496,15056177,0,393787,2020,3.34180029283516,13.7321639120236,Monongahela Power Co,Investor owned,Greensburg,PJM Interconnection,IOU,FirstEnergy Corp,MonPower (FirstEnergy),Investor owned,20
555,13640,NORTHERN VIRGINIA ELEC COOP,NOT AVAILABLE,NOT AVAILABLE,VA,NOT AVAILABLE,COOPERATIVE,USA,"EIA 861, TIGER/Line Shapefiles - U.S. Census, https://www.novec.com/stormcenter/index.cfm",2021-10-06,2019-05-01,NOT AVAILABLE,REGULATED,"PJM INTERCONNECTION, LLC",NOT AVAILABLE,NORTHERN VIRGINIA ELEC COOP,1274.0,987.0,-999999.0,-999999.0,-999999,6408786,0,6208712,0,6408786,0,175598,2020,0.181396741894105,8.24165084574579,Northern Virginia Electric Coop,Cooperative,Not available,PJM Interconnection,Coop,Northern Virginia Electric Coop,Northern Virginia Electric Coop,Cooperative,20
593,13762,"NORTHERN NECK ELEC COOP, INC",NOT AVAILABLE,NOT AVAILABLE,VA,NOT AVAILABLE,COOPERATIVE,USA,"EIA 861, TIGER/Line Shapefiles - U.S. Census, https://www.electric.coop/information-hub-electric-co-ops-hurricane-michael/",2021-10-06,2019-05-01,NOT AVAILABLE,NOT AVAILABLE,"PJM INTERCONNECTION, LLC",NOT AVAILABLE,"NORTHERN NECK ELEC COOP, INC",68.0,70.0,-999999.0,-999999.0,-999999,281882,0,263616,-999999,281882,0,19472,2020,0.271165789402858,5.06899404306366,"Northern Neck Electric Coop, Inc",Cooperative,Not available,PJM Interconnection,Coop,"Northern Neck Electric Coop, Inc",Northern Neck Electric Coop,Cooperative,20
730,1456,TOWN OF BEDFORD - (VA),215 EAST MAIN STREET,BEDFORD,VA,24523,MUNICIPAL,USA,"EIA 860, EIA 861, Urban Areas - Cartographic Boundary Shapefiles - U.S. Census",2021-10-06,2018-10-12,NOT AVAILABLE,NOT AVAILABLE,"PJM INTERCONNECTION, LLC",NOT AVAILABLE,TOWN OF BEDFORD - (VA),37.0,44.0,6.8,6.8,10916,194756,0,170520,-999999,205672,0,6723,2020,0.001769196211853,0.54589147416977,Town of Bedford - (VA),Municipal,Bedford,PJM Interconnection,MuniAndPublic,Town of Bedford - (VA),Town of Bedford (VA),Municipal utility,20
829,15263,THE POTOMAC EDISON COMPANY,NOT AVAILABLE,NOT AVAILABLE,PA,NOT AVAILABLE,INVESTOR OWNED,USA,"EIA 861, TIGER/Line Shapefiles - U.S. Census, http://outages.firstenergycorp.com/mdwv.html",2021-10-06,2020-05-15,NOT AVAILABLE,NOT AVAILABLE,"PJM INTERCONNECTION, LLC",NOT AVAILABLE,FIRSTENERGY CORP,2862.0,2905.0,-999999.0,-999999.0,3720122,4440519,0,7019642,988671,8160641,0,423133,2020,1.42406147676138,8.75357272472386,The Potomac Edison Company,Investor owned,Not available,PJM Interconnection,IOU,FirstEnergy Corp,Potomac Edison (FirstEnergy),Investor owned,20
830,15270,POTOMAC ELECTRIC POWER CO,NOT AVAILABLE,NOT AVAILABLE,DC,NOT AVAILABLE,INVESTOR OWNED,USA,"FERC 714, EIA 861, TIGER/Line Shapefiles - U.S. Census, https://www.pepco.com/Outages/CheckOutageStatus/Pages/ViewOutageMap.aspx",2021-10-06,2018-10-12,NOT AVAILABLE,REGULATED,"PJM INTERCONNECTION, LLC",PJM INTERCONNECTION LLC,PEPCO HOLDINGS INC,5114.0,4147.0,-999999.0,-999999.0,0,9206053,0,8665315,0,9206053,0,901712,2020,0.17556864553535,3.42019839852967,Potomac Electric Power Co,Investor owned,Not available,PJM Interconnection,IOU,Pepco Holdings Inc,Potomac Electric Power Co,Investor owned,20
855,15410,PRINCE GEORGE ELECTRIC COOP,NOT AVAILABLE,NOT AVAILABLE,VA,NOT AVAILABLE,COOPERATIVE,USA,"EIA 861, TIGER/Line Shapefiles - U.S. Census, https://www.electric.coop/information-hub-electric-co-ops-hurricane-michael/",2021-10-06,2019-05-01,NOT AVAILABLE,NOT AVAILABLE,"PJM INTERCONNECTION, LLC",NOT AVAILABLE,PRINCE GEORGE ELECTRIC COOP,68.0,70.0,-999999.0,-999999.0,-999999,355442,0,339160,-999999,355442,0,12053,2020,0.268699963898143,2.64400132863546,Prince George Electric Coop,Cooperative,Not available,PJM Interconnection,Coop,Prince George Electric Coop,Prince George Electric Coop,Cooperative,20
877,15619,CITY OF RADFORD - (VA),701 17TH STREET,RADFORD,VA,24141,MUNICIPAL,USA,"EIA 860, EIA 861, TIGER/Line Shapefiles - U.S. Census",2021-10-06,2018-10-12,NOT AVAILABLE,NOT AVAILABLE,"PJM INTERCONNECTION, LLC",NOT AVAILABLE,CITY OF RADFORD - (VA),-999999.0,-999999.0,-999999.0,-999999.0,164634,-999999,-999999,-999999,-999999,-999999,-999999,-999999,2020,0.191423090954231,2.13794670467791,City of Radford - (VA),Municipal,Radford,PJM Interconnection,MuniAndPublic,City of Radford - (VA),City of Radford (VA),Municipal utility,20
920,15982,TOWN OF RICHLANDS - (VA),NOT AVAILABLE,NOT AVAILABLE,VA,NOT AVAILABLE,MUNICIPAL,USA,"EIA 861, Urban Areas - Cartographic Boundary Shapefiles - U.S. Census",2021-10-06,2018-10-12,NOT AVAILABLE,NOT AVAILABLE,"PJM INTERCONNECTION, LLC",NOT AVAILABLE,TOWN OF RICHLANDS - (VA),-999999.0,-999999.0,-999999.0,-999999.0,54019,-999999,-999999,-999999,-999999,-999999,-999999,-999999,2020,0.002194383400138,0.826969381135948,Town of Richlands - (VA),Municipal,Not available,PJM Interconnection,MuniAndPublic,Town of Richlands - (VA),Town of Richlands (VA),Municipal utility,20
935,16101,ROANOKE ELECTRIC MEMBER CORP,NOT AVAILABLE,NOT AVAILABLE,NC,NOT AVAILABLE,COOPERATIVE,USA,"EIA 861, TIGER/Line Shapefiles - U.S. Census, https://www.electric.coop/information-hub-electric-co-ops-hurricane-florence/",2021-10-06,2019-05-01,NOT AVAILABLE,NOT AVAILABLE,"PJM INTERCONNECTION, LLC",NOT AVAILABLE,ROANOKE ELECTRIC MEMBER CORP,65.0,60.0,-999999.0,-999999.0,-999999,275112,0,256835,-999999,275112,0,14169,2020,0.365369874295766,6.60486144396089,Roanoke Electric Member Corp,Cooperative,Not available,PJM Interconnection,Coop,Roanoke Electric Member Corp,Roanoke Electric Member Corp,Cooperative,20
941,1615,TOWN OF BERLIN - (MD),10 WILLIAM STREET,BERLIN,MD,21811,MUNICIPAL,USA,"EIA 860, EIA 861, TIGER/Line Shapefiles - U.S. Census",2021-10-06,2018-10-12,NOT AVAILABLE,NOT AVAILABLE,"PJM INTERCONNECTION, LLC",NOT AVAILABLE,TOWN OF BERLIN - (MD),-999999.0,-999999.0,-999999.0,-999999.0,44012,-999999,-999999,-999999,-999999,-999999,-999999,-999999,2020,0.129143645357999,5.39322010096653,Town of Berlin - (MD),Municipal,Berlin,PJM Interconnection,MuniAndPublic,Town of Berlin - (MD),Town of Berlin (MD),Municipal utility,20
995,16558,CITY OF SALEM - (VA),114 N. BROAD STREET,SALEM,VA,24153,MUNICIPAL,USA,"EIA 860, EIA 861, TIGER/Line Shapefiles - U.S. Census",2021-10-06,2018-10-12,NOT AVAILABLE,NOT AVAILABLE,"PJM INTERCONNECTION, LLC",NOT AVAILABLE,CITY OF SALEM - (VA),76.0,60.0,5.3,5.3,-999999,354242,0,340551,-999999,354242,0,13563,2020,0.069951059543882,1.98254275511594,City of Salem - (VA),Municipal,Salem,PJM Interconnection,MuniAndPublic,City of Salem - (VA),City of Salem (VA),Municipal utility,20
1077,17066,SHENANDOAH VALLEY ELEC COOP,NOT AVAILABLE,NOT AVAILABLE,VA,NOT AVAILABLE,COOPERATIVE,USA,"EIA 861, TIGER/Line Shapefiles - U.S. Census, https://www.electric.coop/information-hub-electric-co-ops-hurricane-michael/",2021-10-06,2019-05-01,NOT AVAILABLE,REGULATED,"PJM INTERCONNECTION, LLC",NOT AVAILABLE,SHENANDOAH VALLEY ELEC COOP,523.0,519.0,-999999.0,-999999.0,-999999,2423153,0,2315170,-999999,2423153,0,96310,2020,0.775668897222204,6.63010616016445,Shenandoah Valley Electric Coop,Cooperative,Not available,PJM Interconnection,Coop,Shenandoah Valley Electric Coop,Shenandoah Valley Electric Coop,Cooperative,20
1154,17637,SOUTHERN MARYLAND ELEC COOP INC,NOT AVAILABLE,NOT AVAILABLE,MD,NOT AVAILABLE,COOPERATIVE,USA,"EIA 861, TIGER/Line Shapefiles - U.S. Census, https://stormcenter.smeco.coop/external/default.html",2021-10-06,2018-10-12,NOT AVAILABLE,REGULATED,"PJM INTERCONNECTION, LLC",NOT AVAILABLE,SOUTHERN MARYLAND ELEC COOP INC,803.0,725.0,-999999.0,-999999.0,-999999,2430188,901302,3241824,-999999,3331490,0,169339,2020,0.3222010861341,6.11823846374498,Southern Maryland Electric Coop Inc,Cooperative,Not available,PJM Interconnection,Coop,Southern Maryland Electric Coop Inc,Southern Maryland Electric Coop,Cooperative,20
1220,1795,TOWN OF BLACKSTONE - (VA),NOT AVAILABLE,NOT AVAILABLE,VA,NOT AVAILABLE,MUNICIPAL,USA,"EIA 861, Urban Areas - Cartographic Boundary Shapefiles - U.S. Census",2021-10-06,2018-10-12,NOT AVAILABLE,NOT AVAILABLE,"PJM INTERCONNECTION, LLC",NOT AVAILABLE,TOWN OF BLACKSTONE - (VA),-999999.0,-999999.0,-999999.0,-999999.0,35669,-999999,-999999,-999999,-999999,-999999,-999999,-999999,2020,0.00043939436614,0.183433727705636,Town of Blackstone - (VA),Municipal,Not available,PJM Interconnection,MuniAndPublic,Town of Blackstone - (VA),Town of Blackstone (VA),Municipal utility,20
1462,19876,VIRGINIA ELECTRIC & POWER CO,120 TREDEGAR STREET,RICHMOND,VA,23219,INVESTOR OWNED,USA,"EIA 860, EIA 861, TIGER/Line Shapefiles - U.S. Census, https://www.dominionenergy.com/library/domcom/pdfs/virginia-power/service-territory.pdf",2021-10-06,2019-05-01,NOT AVAILABLE,REGULATED,"PJM INTERCONNECTION, LLC",NOT AVAILABLE,DOMINION RESOURCES,16356.0,14661.0,21076.5,-999999.0,80622711,6260083,0,81860386,4652759,86882794,0,2662831,2020,6.39565766589567,76.2045294088183,Virginia Electric & Power Co,Investor owned,Richmond,PJM Interconnection,IOU,Dominion Resources,Dominion Energy,Investor owned,20
1464,19882,VIRGINIA TECH ELECTRIC SERVICE,NOT AVAILABLE,NOT AVAILABLE,VA,NOT AVAILABLE,STATE,USA,"EIA 861, TIGER/Line Shapefiles - U.S. Census, https://vtes.vt.edu/content/dam/vtes_vt_edu/service-area.pdf",2021-10-06,2019-05-01,NOT AVAILABLE,NOT AVAILABLE,"PJM INTERCONNECTION, LLC",NOT AVAILABLE,VIRGINIA TECH ELECTRIC SERVICE,56.0,48.0,-999999.0,-999999.0,-999999,315745,0,306099,-999999,315745,0,6626,2020,0.001551995725322,0.243744244316131,Virginia Tech Electric Service,State power authority,Not available,PJM Interconnection,MuniAndPublic,Virginia Tech Electric Service,Virginia Tech Electric Service,Power district or marketing authority,20
1475,19978,TOWN OF WAKEFIELD - (VA),NOT AVAILABLE,NOT AVAILABLE,VA,NOT AVAILABLE,MUNICIPAL,USA,"EIA 861, TIGER/Line Shapefiles - U.S. Census",2021-10-06,2018-10-12,NOT AVAILABLE,NOT AVAILABLE,"PJM INTERCONNECTION, LLC",NOT AVAILABLE,TOWN OF WAKEFIELD - (VA),-999999.0,-999999.0,-999999.0,-999999.0,11706,-999999,-999999,-999999,-999999,-999999,-999999,532,2020,0.129174996955726,1.85958217896809,Town of Wakefield - (VA),Municipal,Not available,PJM Interconnection,MuniAndPublic,Town of Wakefield - (VA),Town of Wakefield (VA),Municipal utility,20
1596,20729,TOWN OF WILLIAMSPORT - (MD),NOT AVAILABLE,NOT AVAILABLE,MD,NOT AVAILABLE,MUNICIPAL,USA,"EIA 861, TIGER/Line Shapefiles - U.S. Census",2021-10-06,2018-10-12,NOT AVAILABLE,NOT AVAILABLE,"PJM INTERCONNECTION, LLC",NOT AVAILABLE,TOWN OF WILLIAMSPORT - (MD),-999999.0,-999999.0,-999999.0,-999999.0,17674,-999999,-999999,-999999,-999999,-999999,-999999,-999999,2020,0.127012298806449,3.09649004376418,Town of Williamsport - (MD),Municipal,Not available,PJM Interconnection,MuniAndPublic,Town of Williamsport - (MD),Town of Williamsport (MD),Municipal utility,20
1660,21244,"SOUTHSIDE ELECTRIC COOP, INC",NOT AVAILABLE,NOT AVAILABLE,VA,NOT AVAILABLE,COOPERATIVE,USA,"EIA 861, TIGER/Line Shapefiles - U.S. Census, https://www.electric.coop/information-hub-electric-co-ops-hurricane-michael/",2021-10-06,2019-05-01,NOT AVAILABLE,REGULATED,"PJM INTERCONNECTION, LLC",NOT AVAILABLE,"SOUTHSIDE ELECTRIC COOP, INC",219.0,244.0,-999999.0,-999999.0,-999999,966654,0,904749,-999999,966654,0,57354,2020,1.11167138388532,8.33796278041291,"Southside Electric Coop, Inc",Cooperative,Not available,PJM Interconnection,Coop,"Southside Electric Coop, Inc",Southside Electric Coop,Cooperative,20
1680,22053,KENTUCKY POWER CO,1 RIVERSIDE PLAZA,COLUMBUS,OH,43215,INVESTOR OWNED,USA,"EIA 860, EIA 861, http://energy.ky.gov/generation/Documents/Electric_Service_Areas_Legal_Size_Map.pdf",2021-10-06,2019-05-01,NOT AVAILABLE,NOT AVAILABLE,"PJM INTERCONNECTION, LLC",NOT AVAILABLE,AMERICAN ELECTRIC POWER CO,961.0,1167.0,1820.0,1820.0,2718573,3243891,0,5116478,469831,5962464,0,165763,2020,0.999778054029321,17.1990811521822,Kentucky Power Co,Investor owned,Columbus,PJM Interconnection,IOU,American Electric Power Co,AEP Kentucky Power Co,Investor owned,20
1876,3291,CENTRAL VIRGINIA ELECTRIC COOP,NOT AVAILABLE,NOT AVAILABLE,VA,NOT AVAILABLE,COOPERATIVE,USA,"EIA 861, TIGER/Line Shapefiles - U.S. Census, https://www.electric.coop/information-hub-electric-co-ops-hurricane-michael/",2021-10-06,2019-05-01,NOT AVAILABLE,REGULATED,"PJM INTERCONNECTION, LLC",NOT AVAILABLE,CENTRAL VIRGINIA ELECTRIC COOP,157.0,200.0,-999999.0,-999999.0,-999999,797102,0,743151,-999999,797102,0,37918,2020,0.602700339089324,6.02330721373249,Central Virginia Electric Coop,Cooperative,Not available,PJM Interconnection,Coop,Central Virginia Electric Coop,Central Virginia Electric Coop,Cooperative,20
1915,3503,"CHOPTANK ELECTRIC COOPERATIVE, INC",NOT AVAILABLE,NOT AVAILABLE,MD,NOT AVAILABLE,COOPERATIVE,USA,"EIA 861, TIGER/Line Shapefiles - U.S. Census",2021-10-06,2021-04-30,NOT AVAILABLE,REGULATED,"PJM INTERCONNECTION, LLC",NOT AVAILABLE,"CHOPTANK ELECTRIC COOP, INC",262.0,210.0,-999999.0,-999999.0,-999999,1042269,0,979362,-999999,1042269,0,55188,2020,0.950937740779409,23.4935427613835,"Choptank Electric Cooperative, Inc",Cooperative,Not available,PJM Interconnection,Coop,"Choptank Electric Coop, Inc",Choptank Electric Cooperative,Cooperative,20
1994,40228,RAPPAHANNOCK ELECTRIC COOP,NOT AVAILABLE,NOT AVAILABLE,VA,NOT AVAILABLE,COOPERATIVE,USA,"EIA 861, TIGER/Line Shapefiles - U.S. Census, http://www.myrec.coop/outagecenter/outage-map.cfm, http://www.myrec.coop/outagecenter/outage-map.cfm",2021-10-06,2019-05-01,NOT AVAILABLE,REGULATED,"PJM INTERCONNECTION, LLC",NOT AVAILABLE,RAPPAHANNOCK ELECTRIC COOP,835.0,870.0,-999999.0,-999999.0,-999999,3885097,0,3700949,-999999,3885097,0,168177,2020,1.12705779993212,10.0154397134024,Rappahannock Electric Coop,Cooperative,Not available,PJM Interconnection,Coop,Rappahannock Electric Coop,Rappahannock Electric Coop,Cooperative,20
2040,4117,COMMUNITY ELECTRIC COOP,NOT AVAILABLE,NOT AVAILABLE,VA,NOT AVAILABLE,COOPERATIVE,USA,"EIA 861, TIGER/Line Shapefiles - U.S. Census, https://ebill.comelec.coop/woViewer/mapviewer.html?config=Outage+Web+Map",2021-10-06,2019-05-01,NOT AVAILABLE,NOT AVAILABLE,"PJM INTERCONNECTION, LLC",NOT AVAILABLE,COMMUNITY ELECTRIC COOP,-999999.0,-999999.0,-999999.0,-999999.0,186733,-999999,-999999,-999999,-999999,-999999,-999999,-999999,2020,0.575203200158285,4.00042272526661,Community Electric Coop,Cooperative,Not available,PJM Interconnection,Coop,Community Electric Coop,Community Electric Coop,Cooperative,20
2084,4471,CRAIG-BOTETOURT ELECTRIC COOP,NOT AVAILABLE,NOT AVAILABLE,VA,NOT AVAILABLE,COOPERATIVE,USA,"EIA 861, TIGER/Line Shapefiles - U.S. Census, https://outagemap.cbec.coop/OMSWebMap/OMSWebMap.htm?clientKey=undefined",2021-10-06,2019-05-01,NOT AVAILABLE,NOT AVAILABLE,"PJM INTERCONNECTION, LLC",NOT AVAILABLE,CRAIG-BOTETOURT ELECTRIC COOP,-999999.0,-999999.0,-999999.0,-999999.0,79814,-999999,-999999,-999999,-999999,-999999,-999999,-999999,2020,0.73899957144522,6.64367450767962,Craig-Botetourt Electric Coop,Cooperative,Not available,PJM Interconnection,Coop,Craig-Botetourt Electric Coop,Craig-Botetourt Electric Coop,Cooperative,20
2097,4619,TOWN OF CULPEPER- (VA),400 S. MAIN ST.,CULPEPER,VA,22701,MUNICIPAL,USA,"EIA 860, EIA 861, Urban Areas - Cartographic Boundary Shapefiles - U.S. Census",2021-10-06,2018-10-12,NOT AVAILABLE,NOT AVAILABLE,"PJM INTERCONNECTION, LLC",NOT AVAILABLE,TOWN OF CULPEPER- (VA),-999999.0,-999999.0,-999999.0,-999999.0,99961,-999999,-999999,-999999,-999999,-999999,-999999,-999999,2020,0.002036433008925,0.488690891358134,Town of Culpeper- (VA),Municipal,Culpeper,PJM Interconnection,MuniAndPublic,Town of Culpeper- (VA),Town of Culpeper- (VA),Municipal utility,20
2098,4622,"CUMBERLAND VALLEY ELECTRIC, INC.",NOT AVAILABLE,NOT AVAILABLE,KY,NOT AVAILABLE,COOPERATIVE,USA,"EIA 861, http://energy.ky.gov/generation/Documents/Electric_Service_Areas_Legal_Size_Map.pdf",2021-10-06,2018-10-12,NOT AVAILABLE,NOT AVAILABLE,"PJM INTERCONNECTION, LLC",NOT AVAILABLE,"CUMBERLAND VALLEY ELECTRIC, INC.",91.0,114.0,-999999.0,-999999.0,-999999,424473,0,402449,-999999,424473,0,23835,2020,0.268754196756163,7.63121304835851,"Cumberland Valley Electric, Inc.",Cooperative,Not available,PJM Interconnection,Coop,"Cumberland Valley Electric, Inc.",Cumberland Valley Electric,Cooperative,20
2142,5027,DELMARVA POWER,NOT AVAILABLE,NOT AVAILABLE,DE,NOT AVAILABLE,INVESTOR OWNED,USA,"EIA 861, TIGER/Line Shapefiles - U.S. Census, https://www.delmarva.com/Outages/CheckOutageStatus/Pages/ViewOutageMap.aspx",2021-10-06,2018-10-12,NOT AVAILABLE,REGULATED,"PJM INTERCONNECTION, LLC",NOT AVAILABLE,DELMARVA POWER,4029.0,3136.0,-999999.0,-999999.0,-999999,6613616,0,5828482,335653,6613616,0,534750,2020,1.52608520713602,26.6846701557764,Delmarva Power,Investor owned,Not available,PJM Interconnection,IOU,Delmarva Power,Delmarva Power,Investor owned,20
2396,6715,CITY OF FRANKLIN - (VA),207 WEST SECOND AVENUE,FRANKLIN,VA,23851,MUNICIPAL,USA,"EIA 860, EIA 861, Urban Areas - Cartographic Boundary Shapefiles - U.S. Census",2021-10-06,2018-10-12,NOT AVAILABLE,NOT AVAILABLE,"PJM INTERCONNECTION, LLC",NOT AVAILABLE,CITY OF FRANKLIN - (VA),-999999.0,-999999.0,-999999.0,-999999.0,123349,-999999,-999999,-999999,-999999,-999999,-999999,-999999,2020,0.001797736077378,0.552201479869606,City of Franklin - (VA),Municipal,Franklin,PJM Interconnection,MuniAndPublic,City of Franklin - (VA),City of Franklin (VA),Municipal utility,20
2416,6803,TOWN OF FRONT ROYAL,NOT AVAILABLE,NOT AVAILABLE,VA,NOT AVAILABLE,MUNICIPAL,USA,"EIA 861, Urban Areas - Cartographic Boundary Shapefiles - U.S. Census",2021-10-06,2018-10-12,NOT AVAILABLE,NOT AVAILABLE,"PJM INTERCONNECTION, LLC",NOT AVAILABLE,TOWN OF FRONT ROYAL,-999999.0,-999999.0,-999999.0,-999999.0,157505,-999999,-999999,-999999,-999999,-999999,-999999,-999999,2020,0.004690648110454,0.890373044130172,Town of Front Royal,Municipal,Not available,PJM Interconnection,MuniAndPublic,Town of Front Royal,Town of Front Royal,Municipal utility,20
2482,733,APPALACHIAN POWER CO,1 RIVERSIDE PLAZA,COLUMBUS,OH,43215,INVESTOR OWNED,USA,"EIA 860, EIA 861, TIGER/Line Shapefiles - U.S. Census, http://outagemap.appalachianpower.com.s3.amazonaws.com/external/default.html",2021-10-06,2019-05-01,NOT AVAILABLE,NOT AVAILABLE,"PJM INTERCONNECTION, LLC",NOT AVAILABLE,AMERICAN ELECTRIC POWER CO,5503.0,6521.0,6435.7,6649.0,21625273,12114712,0,26094403,5600008,33739985,0,960162,2020,5.42076639566017,22.900678000164,Appalachian Power Co,Investor owned,Columbus,PJM Interconnection,IOU,American Electric Power Co,AEP Appalachian Power,Investor owned,20
2589,8198,CITY OF HARRISONBURG - (VA),89 WEST BRUCE STREET,HARRISONBURG,VA,22801,MUNICIPAL,USA,"EIA 860, EIA 861, Urban Areas - Cartographic Boundary Shapefiles - U.S. Census",2021-10-06,2018-10-12,NOT AVAILABLE,REGULATED,"PJM INTERCONNECTION, LLC",NOT AVAILABLE,CITY OF HARRISONBURG - (VA),132.0,128.0,32.0,39.0,3076,701463,0,677250,-999999,704539,0,21436,2020,0.008717223977555,1.25675177583751,City of Harrisonburg - (VA),Municipal,Harrisonburg,PJM Interconnection,MuniAndPublic,City of Harrisonburg - (VA),City of Harrisonburg (VA),Municipal utility,20
2616,84,A & N ELECTRIC COOP,21275 COOPERATIVE WAY,TASLEY,VA,23441,COOPERATIVE,USA,"EIA 860, EIA 861, TIGER/Line Shapefiles - U.S. Census, https://www.electric.coop/information-hub-electric-co-ops-hurricane-michael/",2021-10-06,2019-05-01,NOT AVAILABLE,NOT AVAILABLE,"PJM INTERCONNECTION, LLC",NOT AVAILABLE,A & N ELECTRIC COOP,162.0,147.0,4.0,4.0,423,712367,0,674902,-999999,712790,0,36454,2020,0.193602986810447,11.3002361962143,A & N Electric Coop,Cooperative,Tasley,PJM Interconnection,Coop,A & N Electric Coop,A & N Electric Coop,Cooperative,20
2818,4794,CITY OF DANVILLE - (VA),1040 MONUMENT ST,DANVILLE,VA,24541,MUNICIPAL,USA,"EIA 860, EIA 861, Urban Areas - Cartographic Boundary Shapefiles - U.S. Census",2021-10-06,2022-06-03,NOT AVAILABLE,REGULATED,"PJM INTERCONNECTION, LLC",NOT AVAILABLE,CITY OF DANVILLE - (VA),185.0,163.0,12.9,12.9,41085,859060,0,858096,-999999,900145,0,48028,2020,0.010975063399883,1.63808663964721,City of Danville - (VA),Municipal,Danville,PJM Interconnection,MuniAndPublic,City of Danville - (VA),City of Danville (VA),Municipal utility,20
2896,7908,HAGERSTOWN LIGHT DEPARTMENT,NOT AVAILABLE,NOT AVAILABLE,MD,NOT AVAILABLE,MUNICIPAL,USA,"EIA 861, Urban Areas - Cartographic Boundary Shapefiles - U.S. Census",2021-10-06,2022-06-03,NOT AVAILABLE,NOT AVAILABLE,"PJM INTERCONNECTION, LLC",NOT AVAILABLE,HAGERSTOWN LIGHT DEPARTMENT,63.0,57.0,-999999.0,-999999.0,-999999,310000,0,301778,-999999,310000,0,17521,2020,0.036229716969729,5.43395267343313,Hagerstown Light Department,Municipal,Not available,PJM Interconnection,MuniAndPublic,Hagerstown Light Department,Hagerstown Light Department,Municipal utility,20
2923,5794,TOWN OF ELKTON,NOT AVAILABLE,NOT AVAILABLE,VA,NOT AVAILABLE,MUNICIPAL,USA,"EIA 861, Urban Areas - Cartographic Boundary Shapefiles - U.S. Census",2021-10-06,2022-06-03,NOT AVAILABLE,NOT AVAILABLE,"PJM INTERCONNECTION, LLC",NOT AVAILABLE,TOWN OF ELKTON,-999999.0,-999999.0,-999999.0,-999999.0,17680,-999999,-999999,-999999,-999999,-999999,-999999,-999999,2020,0.000834412456015,0.602825856548873,Town of Elkton,Municipal,Not available,PJM Interconnection,MuniAndPublic,Town of Elkton,Town of Elkton,Municipal utility,20
